INSERT INTO reply (post_id, content)
VALUES (1, 'This is a test comment 1.'),
       (1, 'This is a test comment 2.'),
       (1, 'This is a test comment 3.'),
       (1, 'This is a test comment 4.'),
       (1, 'This is a test comment 5.'),
       (1, 'This is a test comment 6.'),
       (1, 'This is a test comment 7.'),
       (1, 'This is a test comment 8.'),
       (1, 'This is a test comment 9.'),
       (1, 'This is a test comment 10.'),
       (1, 'This is a test comment 11.'),
       (1, 'This is a test comment 12.'),
       (1, 'This is a test comment 13.'),
       (1, 'This is a test comment 14.'),
       (1, 'This is a test comment 15.'),
       (1, 'This is a test comment 16.'),
       (1, 'This is a test comment 17.'),
       (1, 'This is a test comment 18.'),
       (1, 'This is a test comment 19.'),
       (1, 'This is a test comment 20.'),
       (1, 'This is a test comment 21.'),
       (1, 'This is a test comment 22.'),
       (1, 'This is a test comment 23.'),
       (1, 'This is a test comment 24.'),
       (1, 'This is a test comment 25.'),
       (1, 'This is a test comment 26.'),
       (1, 'This is a test comment 27.'),
       (1, 'This is a test comment 28.'),
       (1, 'This is a test comment 29.'),
       (1, 'This is a test comment 30.'),
       (1, 'This is a test comment 31.'),
       (1, 'This is a test comment 32.'),
       (1, 'This is a test comment 33.'),
       (1, 'This is a test comment 34.'),
       (1, 'This is a test comment 35.'),
       (1, 'This is a test comment 36.'),
       (1, 'This is a test comment 37.'),
       (1, 'This is a test comment 38.'),
       (1, 'This is a test comment 39.'),
       (1, 'This is a test comment 40.');


INSERT INTO post (title, content, author_email, author_name, author_picture)
VALUES ('Post 1', null, 'a@gmail.com', 'A', 'https://a.jpg'),
       ('Post 2', null, 'a@gmail.com', 'A', 'https://a.jpg'),
       ('Post 3', null, 'a@gmail.com', 'A', 'https://a.jpg'),
       ('Post 4', null, 'a@gmail.com', 'A', 'https://a.jpg'),
       ('Post 5', null, 'a@gmail.com', 'A', 'https://a.jpg'),
       ('Post 6', null, 'a@gmail.com', 'A', 'https://a.jpg'),
       ('Post 7', null, 'a@gmail.com', 'A', 'https://a.jpg'),
       ('Post 8', null, 'a@gmail.com', 'A', 'https://a.jpg'),
       ('Post 9', null, 'a@gmail.com', 'A', 'https://a.jpg'),
       ('Post 10', null, 'a@gmail.com', 'A', 'https://a.jpg'),
       ('Post 11', null, 'a@gmail.com', 'A', 'https://a.jpg'),
       ('Post 12', null, 'a@gmail.com', 'A', 'https://a.jpg'),
       ('Post 13', null, 'a@gmail.com', 'A', 'https://a.jpg'),
       ('Post 14', null, 'a@gmail.com', 'A', 'https://a.jpg'),
       ('Post 15', null, 'a@gmail.com', 'A', 'https://a.jpg'),
       ('Post 16', null, 'a@gmail.com', 'A', 'https://a.jpg'),
       ('Post 17', null, 'a@gmail.com', 'A', 'https://a.jpg'),
       ('Post 18', null, 'a@gmail.com', 'A', 'https://a.jpg'),
       ('Post 19', null, 'a@gmail.com', 'A', 'https://a.jpg'),
       ('Post 20', null, 'a@gmail.com', 'A', 'https://a.jpg'),
       ('Post 21', null, 'a@gmail.com', 'A', 'https://a.jpg'),
       ('Post 22', null, 'a@gmail.com', 'A', 'https://a.jpg'),
       ('Post 23', null, 'a@gmail.com', 'A', 'https://a.jpg'),
       ('Post 24', null, 'a@gmail.com', 'A', 'https://a.jpg'),
       ('Post 25', null, 'a@gmail.com', 'A', 'https://a.jpg'),
       ('Post 26', null, 'a@gmail.com', 'A', 'https://a.jpg'),
       ('Post 27', null, 'a@gmail.com', 'A', 'https://a.jpg'),
       ('Post 28', null, 'a@gmail.com', 'A', 'https://a.jpg'),
       ('Post 29', null, 'a@gmail.com', 'A', 'https://a.jpg'),
       ('Post 30', null, 'a@gmail.com', 'A', 'https://a.jpg'),
       ('Post 31', null, 'a@gmail.com', 'A', 'https://a.jpg'),
       ('Post 32', null, 'a@gmail.com', 'A', 'https://a.jpg'),
       ('Post 33', null, 'a@gmail.com', 'A', 'https://a.jpg'),
       ('Post 34', null, 'a@gmail.com', 'A', 'https://a.jpg'),
       ('Post 35', null, 'a@gmail.com', 'A', 'https://a.jpg'),
       ('Post 36', null, 'a@gmail.com', 'A', 'https://a.jpg'),
       ('Post 37', null, 'a@gmail.com', 'A', 'https://a.jpg'),
       ('Post 38', null, 'a@gmail.com', 'A', 'https://a.jpg'),
       ('Post 39', null, 'a@gmail.com', 'A', 'https://a.jpg'),
       ('Post 40', null, 'a@gmail.com', 'A', 'https://a.jpg'),
       ('Post 41', null, 'a@gmail.com', 'A', 'https://a.jpg'),
       ('Post 42', null, 'a@gmail.com', 'A', 'https://a.jpg'),
       ('Post 43', null, 'a@gmail.com', 'A', 'https://a.jpg'),
       ('Post 44', null, 'a@gmail.com', 'A', 'https://a.jpg'),
       ('Post 45', null, 'a@gmail.com', 'A', 'https://a.jpg'),
       ('Post 46', null, 'a@gmail.com', 'A', 'https://a.jpg'),
       ('Post 47', null, 'a@gmail.com', 'A', 'https://a.jpg'),
       ('Post 48', null, 'a@gmail.com', 'A', 'https://a.jpg'),
       ('Post 49', null, 'a@gmail.com', 'A', 'https://a.jpg'),
       ('Post 50', null, 'a@gmail.com', 'A', 'https://a.jpg'),
       ('Post 51', null, 'a@gmail.com', 'A', 'https://a.jpg'),
       ('Post 52', null, 'a@gmail.com', 'A', 'https://a.jpg'),
       ('Post 53', null, 'a@gmail.com', 'A', 'https://a.jpg'),
       ('Post 54', null, 'a@gmail.com', 'A', 'https://a.jpg'),
       ('Post 55', null, 'a@gmail.com', 'A', 'https://a.jpg'),
       ('Post 56', null, 'a@gmail.com', 'A', 'https://a.jpg'),
       ('Post 57', null, 'a@gmail.com', 'A', 'https://a.jpg'),
       ('Post 58', null, 'a@gmail.com', 'A', 'https://a.jpg'),
       ('Post 59', null, 'a@gmail.com', 'A', 'https://a.jpg'),
       ('Post 60', null, 'a@gmail.com', 'A', 'https://a.jpg'),
       ('Post 61', null, 'a@gmail.com', 'A', 'https://a.jpg'),
       ('Post 62', null, 'a@gmail.com', 'A', 'https://a.jpg'),
       ('Post 63', null, 'a@gmail.com', 'A', 'https://a.jpg'),
       ('Post 64', null, 'a@gmail.com', 'A', 'https://a.jpg'),
       ('Post 65', null, 'a@gmail.com', 'A', 'https://a.jpg'),
       ('Post 66', null, 'a@gmail.com', 'A', 'https://a.jpg'),
       ('Post 67', null, 'a@gmail.com', 'A', 'https://a.jpg'),
       ('Post 68', null, 'a@gmail.com', 'A', 'https://a.jpg'),
       ('Post 69', null, 'a@gmail.com', 'A', 'https://a.jpg'),
       ('Post 70', null, 'a@gmail.com', 'A', 'https://a.jpg'),
       ('Post 71', null, 'a@gmail.com', 'A', 'https://a.jpg'),
       ('Post 72', null, 'a@gmail.com', 'A', 'https://a.jpg'),
       ('Post 73', null, 'a@gmail.com', 'A', 'https://a.jpg'),
       ('Post 74', null, 'a@gmail.com', 'A', 'https://a.jpg'),
       ('Post 75', null, 'a@gmail.com', 'A', 'https://a.jpg'),
       ('Post 76', null, 'a@gmail.com', 'A', 'https://a.jpg'),
       ('Post 77', null, 'a@gmail.com', 'A', 'https://a.jpg'),
       ('Post 78', null, 'a@gmail.com', 'A', 'https://a.jpg'),
       ('Post 79', null, 'a@gmail.com', 'A', 'https://a.jpg'),
       ('Post 80', null, 'a@gmail.com', 'A', 'https://a.jpg');

INSERT INTO guide (category, content, picture)
VALUES ('IRON', '<strong>고철</strong>로 배출', 'https://ik.imagekit.io/blisgo/guide/rhcjffb.webp'),
       ('METAL', '<strong>금속캔</strong>으로 배출', 'https://ik.imagekit.io/blisgo/guide/rmathrzos.webp'),
       ('BULKY', '<strong>대형폐기물</strong>로 배출', 'https://ik.imagekit.io/blisgo/guide/eogudvPrlanf.webp'),
       ('STYROFOAM', '<strong>스티로폼</strong>으로 배출', 'https://ik.imagekit.io/blisgo/guide/qkfvhgkqtjdtnwl.webp'),
       ('NON_FLAMMABLE', '<strong>불연성폐기물</strong>로 배출', 'https://ik.imagekit.io/blisgo/guide/qnfdustjd-whdfidwp.webp'),
       ('VINYL', '<strong>비닐</strong>로 배출', 'https://ik.imagekit.io/blisgo/guide/qlslffb.webp'),
       ('GLASS', '<strong>유리병류</strong>로 배출', 'https://ik.imagekit.io/blisgo/guide/dbflqud.webp'),
       ('PROG', '<strong>음식물류 폐기물</strong>로 배출', 'https://ik.imagekit.io/blisgo/guide/dmatlranf.webp'),
       ('CLOTHES', '<strong>의류 및 원단류</strong>로 배출', 'https://ik.imagekit.io/blisgo/guide/dmlfb.webp'),
       ('ONLY_BOX', '<strong>전용수거함</strong>으로 배출', 'https://ik.imagekit.io/blisgo/guide/wjsdydgka.webp'),
       ('PAPER', '<strong>종이류</strong>로 배출', 'https://ik.imagekit.io/blisgo/guide/whddl.webp'),
       ('CARTON', '<strong>종이팩</strong>으로 배출', 'https://ik.imagekit.io/blisgo/guide/whddlvor-whddlzjq.webp'),
       ('HOME_APPLIANCES', '<strong>폐가전제품</strong>으로 배출', 'https://ik.imagekit.io/blisgo/guide/vPrkwjswpvna.webp'),
       ('PLASTIC', '<strong>플라스틱</strong>으로 배출', 'https://ik.imagekit.io/blisgo/guide/vmffktmxlr.webp'),
       ('PAY_AS_YOU_GO_BAG', '<strong>종량제봉투</strong>로 배출', NULL),
       ('SEPARATION_BY_MATERIAL', '<strong>재질에 맞게</strong> 배출', NULL),
       ('CAUTION', '<strong>위험!</strong> 폐기시 주의가 필요함', NULL),
       ('PRO_FACILITY', '<strong>전문처리시설</strong>로 배출', NULL);



INSERT INTO waste (waste_id, name, type, picture, treatment)
VALUES (1001, '가격표', '생활폐기물', 'https://ik.imagekit.io/blisgo/dictionary/1001.webp', NULL),
       (1002, '가구류', '대형폐기물', 'https://ik.imagekit.io/blisgo/dictionary/1002.webp', NULL),
       (1003, '가발', '생활폐기물', 'https://ik.imagekit.io/blisgo/dictionary/1003.webp', NULL),
       (1004, '가습기', '폐가전제품', 'https://ik.imagekit.io/blisgo/dictionary/1004.webp', NULL),
       (1005, '가위', '생활폐기물', 'https://ik.imagekit.io/blisgo/dictionary/1005.webp',
        '<p>다른 재질이 많이 섞인 제품은 분리해서 배출하며, 분리가 어렵다면 <strong>종량제봉투</strong>로 배출</p>'),
       (1006, '개수대', '대형폐기물', 'https://ik.imagekit.io/blisgo/dictionary/1006.webp', NULL),
       (1007, '거울', '생활폐기물/대형폐기물', 'https://ik.imagekit.io/blisgo/dictionary/1007.webp',
        '<p><strong>크기에 따라</strong> 해당 폐기물로 배출</p>'),
       (1008, '걸레', '생활폐기물', 'https://ik.imagekit.io/blisgo/dictionary/1008.webp', NULL),
       (1009, '계란껍질', '생활폐기물', 'https://ik.imagekit.io/blisgo/dictionary/1009.webp', NULL),
       (1010, '고무장갑', '생활폐기물', 'https://ik.imagekit.io/blisgo/dictionary/1010.webp', NULL),
       (1011, '골판지', '생활폐기물', 'https://ik.imagekit.io/blisgo/dictionary/1011.webp',
        '<p><strong>종이</strong> &lt; 일반 골판지<br /><strong>플라스틱</strong> &lt; PP 골판지</p>'),
       (1012, '골프 클럽 백', '대형폐기물', 'https://ik.imagekit.io/blisgo/dictionary/1012.webp', NULL),
       (1013, '골프공', '생활폐기물', 'https://ik.imagekit.io/blisgo/dictionary/1013.webp', NULL),
       (1014, '공구류(철)', '생활폐기물', 'https://ik.imagekit.io/blisgo/dictionary/1014.webp',
        '<p>다른 재질이 많이 섞인 제품은 분리해서 배출하며, 분리가 어렵다면 <strong>종량제봉투</strong>로 배출</p>'),
       (1015, '공기청정기', '폐가전제품', 'https://ik.imagekit.io/blisgo/dictionary/1015.webp', NULL),
       (1016, '광고전단지', '생활폐기물', 'https://ik.imagekit.io/blisgo/dictionary/1016.webp',
        '<p>비닐코팅된 종이는 <strong>종량제봉투</strong> 배출</p>'),
       (1017, '구두, 샌들, 슬리퍼', '생활폐기물', 'https://ik.imagekit.io/blisgo/dictionary/1017.webp',
        '<p><strong>의류 및 원단류</strong> 배출 방법을 참고하여 배출하거나 <strong>종량제봉투</strong>로 배출</p>'),
       (1018, '국자', '생활폐기물', 'https://ik.imagekit.io/blisgo/dictionary/1018.webp',
        '<p><strong>고철</strong> &lt; 금속, 비금속 국자<br /><strong>플라스틱</strong> &lt; 플라스틱 국자<br /><strong>종량제봉투</strong> &lt; 나무 국자</p>'),
       (1019, '그릇', '생활폐기물', 'https://ik.imagekit.io/blisgo/dictionary/1019.webp',
        '<p><strong>불연성-종량제</strong> &lt; 도자기&middot;유리그릇<br /><strong>고철</strong> &lt; 금속, 비금속그릇<br /><strong>플라스틱</strong> &lt; 플라스틱 그릇</p>'),
       (1020, '기름(기계)', '대형폐기물', 'https://ik.imagekit.io/blisgo/dictionary/1020.webp', NULL),
       (1021, '기름(식용)', '생활폐기물', 'https://ik.imagekit.io/blisgo/dictionary/1021.webp',
        '<p><strong>전용수거함</strong>으로 배출</p>'),
       (1022, '기타(악기)', '대형폐기물', 'https://ik.imagekit.io/blisgo/dictionary/1022.webp', NULL),
       (1023, '깨진유리', '생활폐기물', 'https://ik.imagekit.io/blisgo/dictionary/1023.webp',
        '<p><strong>불연성폐기물</strong> 배출방법을 참조하여 배출</p>'),
       (1024, '나무젓가락', '생활폐기물', 'https://ik.imagekit.io/blisgo/dictionary/1024.webp', NULL),
       (1025, '나무조각, 나뭇가지, 나무줄기', '생활폐기물/대형폐기물', 'https://ik.imagekit.io/blisgo/dictionary/1025.webp',
        '<p><strong>종량제봉투</strong>에 담을 수 없다면 <strong>대형폐기물</strong>로 처리</p>'),
       (1026, '나사(못)', '생활폐기물', 'https://ik.imagekit.io/blisgo/dictionary/1026.webp', NULL),
       (1027, '나침반', '생활폐기물', 'https://ik.imagekit.io/blisgo/dictionary/1027.webp', NULL),
       (1028, '낙엽', '생활폐기물', 'https://ik.imagekit.io/blisgo/dictionary/1028.webp', NULL),
       (1029, '낚싯대', '대형폐기물', 'https://ik.imagekit.io/blisgo/dictionary/1029.webp', NULL),
       (1030, '난로(전기난로)', '폐가전제품/대형폐기물', 'https://ik.imagekit.io/blisgo/dictionary/1030.webp',
        '<p><strong>대형폐기물</strong> 또는 <strong>가전제품</strong>으로 배출</p>'),
       (1031, '낫', '생활폐기물', 'https://ik.imagekit.io/blisgo/dictionary/1031.webp',
        '<p><strong>고철</strong>로 배출하되, 가능하다면 손잡이 부분(나무재질 등)을 분리하여 배출</p>'),
       (1032, '내열식기류', '생활폐기물', 'https://ik.imagekit.io/blisgo/dictionary/1032.webp', NULL),
       (1033, '냄비뚜껑(강화유리)', '생활폐기물', 'https://ik.imagekit.io/blisgo/dictionary/1033.webp', NULL),
       (1034, '냉장고(냉동고)', '폐가전제품', 'https://ik.imagekit.io/blisgo/dictionary/1034.webp', NULL),
       (1035, '노트북', '폐가전제품', 'https://ik.imagekit.io/blisgo/dictionary/1035.webp', NULL),
       (1036, '농약용기', '기타폐기물', 'https://ik.imagekit.io/blisgo/dictionary/1036.webp',
        '<p>내용물을 다 사용한 후 따로 봉투에 담아 배출</p>'),
       (1037, '다리미', '폐가전제품', 'https://ik.imagekit.io/blisgo/dictionary/1037.webp', NULL),
       (1038, '도끼', '생활폐기물', 'https://ik.imagekit.io/blisgo/dictionary/1038.webp',
        '<p><strong>고철</strong>로 배출하되, 가능하다면 손잡이 부분(나무재질 등)을 분리하여 배출</p>'),
       (1039, '도마', '생활폐기물', 'https://ik.imagekit.io/blisgo/dictionary/1039.webp',
        '<p><strong>종량제봉투</strong> &lt; 나무도마<br /><strong>플라스틱</strong> &lt; 플라스틱 도마</p>'),
       (1040, '도자기류', '생활폐기물', 'https://ik.imagekit.io/blisgo/dictionary/1040.webp', NULL),
       (1041, '돋보기', '생활폐기물', 'https://ik.imagekit.io/blisgo/dictionary/1041.webp', NULL),
       (1042, '디지털카메라', '폐가전제품', 'https://ik.imagekit.io/blisgo/dictionary/1042.webp', NULL),
       (1043, '뚝배기', '생활폐기물', 'https://ik.imagekit.io/blisgo/dictionary/1043.webp', NULL),
       (1044, '라디오', '폐가전제품', 'https://ik.imagekit.io/blisgo/dictionary/1044.webp', NULL),
       (1045, '라이터(일회용)', '생활폐기물', 'https://ik.imagekit.io/blisgo/dictionary/1045.webp',
        '<p>모두 사용한 후 <strong>종량제봉투</strong>로 배출</p>'),
       (1046, '라켓(배드민턴, 테니스 등)', '생활폐기물/대형폐기물', 'https://ik.imagekit.io/blisgo/dictionary/1046.webp',
        '<p><strong>종량제봉투</strong>에 담을 수 없다면 <strong>대형폐기물</strong>로 처리</p>'),
       (1047, '랩(사용 후)', '생활폐기물', 'https://ik.imagekit.io/blisgo/dictionary/1047.webp',
        '<p>사용한 랩은 <strong>종량제봉투</strong>로 배출</p>'),
       (1048, '랩의 심', '생활폐기물', 'https://ik.imagekit.io/blisgo/dictionary/1048.webp', NULL),
       (1049, '런닝머신', '폐가전제품', 'https://ik.imagekit.io/blisgo/dictionary/1049.webp', NULL),
       (1050, '리코더(플라스틱)', '생활폐기물', 'https://ik.imagekit.io/blisgo/dictionary/1050.webp', NULL),
       (1051, '마스크', '생활폐기물', 'https://ik.imagekit.io/blisgo/dictionary/1051.webp', NULL),
       (1052, '마우스패드', '생활폐기물', 'https://ik.imagekit.io/blisgo/dictionary/1052.webp', NULL),
       (1053, '마커펜, 만년필', '생활폐기물', 'https://ik.imagekit.io/blisgo/dictionary/1053.webp', NULL),
       (1054, '매트, 매트리스', '대형폐기물', 'https://ik.imagekit.io/blisgo/dictionary/1054.webp', NULL),
       (1055, '맥주병뚜껑(철, 알루미늄)', '생활폐기물', 'https://ik.imagekit.io/blisgo/dictionary/1055.webp', NULL),
       (1056, '머그컵(도자기류)', '생활폐기물', 'https://ik.imagekit.io/blisgo/dictionary/1056.webp', NULL),
       (1057, '머플러(목도리)', '생활폐기물', 'https://ik.imagekit.io/blisgo/dictionary/1057.webp',
        '<p><strong>의류 및 원단류</strong> 배출 방법을 참고하여 배출</p>'),
       (1058, '메가폰(플라스틱)', '생활폐기물', 'https://ik.imagekit.io/blisgo/dictionary/1058.webp', NULL),
       (1059, '면도기(일회용)', '생활폐기물', 'https://ik.imagekit.io/blisgo/dictionary/1059.webp', NULL),
       (1060, '면도칼', '생활폐기물', 'https://ik.imagekit.io/blisgo/dictionary/1060.webp',
        '<p>수거원이 다치지 않도록 종이 등으로 감싸서 <strong>종량제봉투</strong>로 배출</p>'),
       (1061, '면봉', '생활폐기물', 'https://ik.imagekit.io/blisgo/dictionary/1061.webp', NULL),
       (1062, '명함', '생활폐기물', 'https://ik.imagekit.io/blisgo/dictionary/1062.webp',
        '<p><strong>종이류</strong>로 배출하며, 플라스틱 합성지 등 다른 재질 포함시 <strong>종량제봉투</strong>에 배출</p>'),
       (1063, '명함지갑', '생활폐기물', 'https://ik.imagekit.io/blisgo/dictionary/1063.webp', NULL),
       (1064, '모니터(컴퓨터 TV)', '폐가전제품', 'https://ik.imagekit.io/blisgo/dictionary/1064.webp', NULL),
       (1065, '모자(의류)', '생활폐기물', 'https://ik.imagekit.io/blisgo/dictionary/1065.webp',
        '<p><strong>의류 및 원단류</strong> 배출 방법을 참고하여 배출하거나 <strong>종량제봉투</strong>로 배출</p>'),
       (1066, '목발', '생활폐기물/대형폐기물', 'https://ik.imagekit.io/blisgo/dictionary/1066.webp',
        '<p><strong>대형폐기물</strong> 또는 <strong>고철</strong> 등 재질에 맞게 배출</p>'),
       (1067, '목재', '생활폐기물/대형폐기물', 'https://ik.imagekit.io/blisgo/dictionary/1067.webp',
        '<p><strong>종량제봉투</strong>에 담을 수 없다면 <strong>대형폐기물</strong>로 처리</p>'),
       (1068, '문갑, 문짝', '대형폐기물', 'https://ik.imagekit.io/blisgo/dictionary/1068.webp', NULL),
       (1069, '물티슈', '생활폐기물', 'https://ik.imagekit.io/blisgo/dictionary/1069.webp', NULL),
       (1070, '밀짚모자', '생활폐기물', 'https://ik.imagekit.io/blisgo/dictionary/1070.webp', NULL),
       (1071, '바나나껍질', '생활폐기물', 'https://ik.imagekit.io/blisgo/dictionary/1071.webp', NULL),
       (1072, '바둑판', '생활폐기물/대형폐기물', 'https://ik.imagekit.io/blisgo/dictionary/1072.webp',
        '<p><strong>종량제봉투</strong>에 담을 수 없는 경우 <strong>대형폐기물</strong>로 처리</p>'),
       (1073, '바베큐그릴', '대형폐기물', 'https://ik.imagekit.io/blisgo/dictionary/1073.webp', NULL),
       (1074, '밥상', '대형폐기물', 'https://ik.imagekit.io/blisgo/dictionary/1074.webp', NULL),
       (1075, '방석', '생활폐기물', 'https://ik.imagekit.io/blisgo/dictionary/1075.webp', NULL),
       (1076, '백과사전, 사전', '생활폐기물', 'https://ik.imagekit.io/blisgo/dictionary/1076.webp', NULL),
       (1077, '백열전구', '생활폐기물', 'https://ik.imagekit.io/blisgo/dictionary/1077.webp', NULL),
       (1078, '벼루', '생활폐기물', 'https://ik.imagekit.io/blisgo/dictionary/1078.webp', NULL),
       (1079, '벽돌', '생활폐기물', 'https://ik.imagekit.io/blisgo/dictionary/1079.webp', NULL),
       (1080, '벽시계', '대형폐기물', 'https://ik.imagekit.io/blisgo/dictionary/1080.webp', NULL),
       (1081, '보온병', '생활폐기물', 'https://ik.imagekit.io/blisgo/dictionary/1081.webp', NULL),
       (1082, '복사기', '폐가전제품', 'https://ik.imagekit.io/blisgo/dictionary/1082.webp', NULL),
       (1083, '볼펜', '생활폐기물', 'https://ik.imagekit.io/blisgo/dictionary/1083.webp', NULL),
       (1084, '볼풀공', '생활폐기물', 'https://ik.imagekit.io/blisgo/dictionary/1084.webp', NULL),
       (1085, '분무기(플라스틱)', '생활폐기물', 'https://ik.imagekit.io/blisgo/dictionary/1085.webp', NULL),
       (1086, '분유 깡통', '생활폐기물', 'https://ik.imagekit.io/blisgo/dictionary/1086.webp', NULL),
       (1087, '붓', '생활폐기물', 'https://ik.imagekit.io/blisgo/dictionary/1087.webp', NULL),
       (1088, '블라인드', '대형폐기물', 'https://ik.imagekit.io/blisgo/dictionary/1088.webp', NULL),
       (1089, '비닐봉지(일회용)', '생활폐기물', 'https://ik.imagekit.io/blisgo/dictionary/1089.webp', NULL),
       (1090, '비닐장판', '생활폐기물/대형폐기물', 'https://ik.imagekit.io/blisgo/dictionary/1090.webp',
        '<p><strong>종량제봉투</strong>에 담을 수 없는 경우 <strong>대형폐기물</strong>로 처리</p>'),
       (1091, '비닐코팅종이', '생활폐기물', 'https://ik.imagekit.io/blisgo/dictionary/1091.webp', NULL),
       (1092, '비디오카메라(캠코더)', '폐가전제품', 'https://ik.imagekit.io/blisgo/dictionary/1092.webp', NULL),
       (1093, '비디오테이프', '생활폐기물', 'https://ik.imagekit.io/blisgo/dictionary/1093.webp',
        '<p>내부 필름은 분리하여 <strong>종량제봉투</strong>로 배출</p>'),
       (1094, '빗, 헤어브러시', '생활폐기물', 'https://ik.imagekit.io/blisgo/dictionary/1094.webp',
        '<p><strong>재질에 맞게</strong> 배출하되 나무 빗 등은 <strong>종량제봉투</strong>로 배출</p>'),
       (1095, '빨대', '생활폐기물', 'https://ik.imagekit.io/blisgo/dictionary/1095.webp', NULL),
       (1096, '사다리', '생활폐기물/대형폐기물', 'https://ik.imagekit.io/blisgo/dictionary/1096.webp',
        '<p><strong>대형폐기물</strong> 또는 <strong>고철</strong>로 배출</p>'),
       (1097, '사인펜', '생활폐기물', 'https://ik.imagekit.io/blisgo/dictionary/1097.webp', NULL),
       (1098, '사진', '생활폐기물', 'https://ik.imagekit.io/blisgo/dictionary/1098.webp', NULL),
       (1099, '사진인화지', '생활폐기물', 'https://ik.imagekit.io/blisgo/dictionary/1099.webp', NULL),
       (1100, '삽', '생활폐기물/대형폐기물', 'https://ik.imagekit.io/blisgo/dictionary/1100.webp',
        '<p><strong>대형폐기물</strong> 또는 <strong>재질에 맞게</strong> 배출</p>'),
       (1101, '상한 음식', '생활폐기물', 'https://ik.imagekit.io/blisgo/dictionary/1101.webp', NULL),
       (1102, '생선(먹고 남은)', '생활폐기물', 'https://ik.imagekit.io/blisgo/dictionary/1102.webp',
        '<p>생선뼈는 <strong>종량제봉투</strong>에 버리고, 나머지는 <strong>음식물</strong>로 배출</p>'),
       (1103, '샤프펜슬', '생활폐기물', 'https://ik.imagekit.io/blisgo/dictionary/1103.webp', NULL),
       (1104, '샴푸용기', '생활폐기물', 'https://ik.imagekit.io/blisgo/dictionary/1104.webp',
        '<p>내부를 헹구고 <strong>플라스틱</strong>으로 배출</p>'),
       (1105, '서랍장', '대형폐기물', 'https://ik.imagekit.io/blisgo/dictionary/1105.webp', NULL),
       (1106, '서류봉투(갈색 종이)', '생활폐기물', 'https://ik.imagekit.io/blisgo/dictionary/1106.webp', NULL),
       (1107, '선풍기', '폐가전제품', 'https://ik.imagekit.io/blisgo/dictionary/1107.webp', NULL),
       (1108, '성냥', '생활폐기물', 'https://ik.imagekit.io/blisgo/dictionary/1108.webp',
        '<p>물에 적신 후 <strong>종량제봉투</strong>로 배출</p>'),
       (1109, '세면대', '대형폐기물', 'https://ik.imagekit.io/blisgo/dictionary/1109.webp', NULL),
       (1110, '세탁기', '폐가전제품', 'https://ik.imagekit.io/blisgo/dictionary/1110.webp', NULL),
       (1111, '셔틀콕(배드민턴공, 깃털공)', '생활폐기물', 'https://ik.imagekit.io/blisgo/dictionary/1111.webp', NULL),
       (1112, '소스용기', '생활폐기물', 'https://ik.imagekit.io/blisgo/dictionary/1112.webp',
        '<p>내부를 헹구고 <strong>플라스틱</strong> 또는 <strong>재질에 맞게</strong> 배출</p>'),
       (1113, '손목 시계', '생활폐기물', 'https://ik.imagekit.io/blisgo/dictionary/1113.webp',
        '<p><strong>종량제종투</strong>에 담을 수 없는 경우 <strong>대형폐기물</strong>로 처리, 건전지는 분리하여 <strong>전용수거함</strong>으로 배출</p>'),
       (1114, '솜', '생활폐기물', 'https://ik.imagekit.io/blisgo/dictionary/1114.webp', NULL),
       (1115, '솜이불', '대형폐기물', 'https://ik.imagekit.io/blisgo/dictionary/1115.webp', NULL),
       (1116, '송곳', '생활폐기물', 'https://ik.imagekit.io/blisgo/dictionary/1116.webp', NULL),
       (1117, '수세미', '생활폐기물', 'https://ik.imagekit.io/blisgo/dictionary/1117.webp', NULL),
       (1118, '수조, 수족관', '대형폐기물', 'https://ik.imagekit.io/blisgo/dictionary/1118.webp', NULL),
       (1119, '수첩', '생활폐기물', 'https://ik.imagekit.io/blisgo/dictionary/1119.webp',
        '<p><strong>종이류</strong> 또는 <strong>재질에 맞게</strong> 배출</p>'),
       (1120, '숯', '생활폐기물', 'https://ik.imagekit.io/blisgo/dictionary/1120.webp', NULL),
       (1121, '스노우보드', '대형폐기물', 'https://ik.imagekit.io/blisgo/dictionary/1121.webp', NULL),
       (1122, '스캐너', '폐가전제품', 'https://ik.imagekit.io/blisgo/dictionary/1122.webp', NULL),
       (1123, '스케이트보드', '대형폐기물', 'https://ik.imagekit.io/blisgo/dictionary/1123.webp', NULL),
       (1124, '스키용구류', '대형폐기물', 'https://ik.imagekit.io/blisgo/dictionary/1124.webp', NULL),
       (1125, '스탠드', '폐가전제품', 'https://ik.imagekit.io/blisgo/dictionary/1125.webp', NULL),
       (1126, '스폰지', '생활폐기물', 'https://ik.imagekit.io/blisgo/dictionary/1126.webp', NULL),
       (1127, '스프레이, 부탄가스', '생활폐기물', 'https://ik.imagekit.io/blisgo/dictionary/1127.webp', '<p>금속캔(부탄가스통) 배출방법 참고</p>'),
       (1128, '스피커', '폐가전제품', 'https://ik.imagekit.io/blisgo/dictionary/1128.webp', NULL),
       (1129, '식기세척기(식기건조기)', '폐가전제품', 'https://ik.imagekit.io/blisgo/dictionary/1129.webp', NULL),
       (1130, '식물, 나무', '생활폐기물/대형폐기물', 'https://ik.imagekit.io/blisgo/dictionary/1130.webp',
        '<p><strong>종량제봉투</strong>에 담을 수 없는 경우 <strong>대형폐기물</strong>로 처리</p>'),
       (1131, '식용유용기(플라스틱)', '생활폐기물', 'https://ik.imagekit.io/blisgo/dictionary/1131.webp',
        '<p>모두 사용 후 <strong>플라스틱</strong>으로 배출</p>'),
       (1132, '신문지', '생활폐기물', 'https://ik.imagekit.io/blisgo/dictionary/1132.webp', NULL),
       (1133, '신발', '생활폐기물', 'https://ik.imagekit.io/blisgo/dictionary/1133.webp', NULL),
       (1134, '신발장', '대형폐기물', 'https://ik.imagekit.io/blisgo/dictionary/1134.webp', NULL),
       (1135, '싱크대', '대형폐기물', 'https://ik.imagekit.io/blisgo/dictionary/1135.webp', NULL),
       (1136, '쌀통', '대형폐기물', 'https://ik.imagekit.io/blisgo/dictionary/1136.webp', NULL),
       (1137, '쌀포대', '생활폐기물', 'https://ik.imagekit.io/blisgo/dictionary/1137.webp',
        '<p><strong>종이류</strong> 또는 재질에 맞게 배출</p>'),
       (1138, '쓰레받기', '생활폐기물', 'https://ik.imagekit.io/blisgo/dictionary/1138.webp',
        '<p><strong>플라스틱</strong> &lt; 가정용 플라스틱 쓰레받기<br /><strong>고철</strong> &lt; 고철 쓰레받기</p>'),
       (1139, '아기욕조, 아기침대', '생활폐기물/대형폐기물', 'https://ik.imagekit.io/blisgo/dictionary/1139.webp', NULL),
       (1140, '아령', '생활폐기물', 'https://ik.imagekit.io/blisgo/dictionary/1140.webp',
        '<p><strong>고철</strong> 또는 <strong>재질에 맞게</strong> 배출</p>'),
       (1141, '아이스팩', '생활폐기물', 'https://ik.imagekit.io/blisgo/dictionary/1141.webp', NULL),
       (1142, '악기', '생활폐기물/대형폐기물', 'https://ik.imagekit.io/blisgo/dictionary/1142.webp',
        '<p><strong>종량제봉투</strong>에 담을 수 없는 경우 <strong>대형페기물</strong>로 배출<br />※악기는 폐가전 제품 무상방문 수거 대상품목이 아님</p>'),
       (1143, '압력솓', '생활폐기물', 'https://ik.imagekit.io/blisgo/dictionary/1143.webp', NULL),
       (1144, '애완동물 용변 시트', '생활폐기물', 'https://ik.imagekit.io/blisgo/dictionary/1144.webp', NULL),
       (1145, '애완동물 음식캔', '생활폐기물', 'https://ik.imagekit.io/blisgo/dictionary/1145.webp',
        '<p><strong>금속캔</strong>으로 배출</p>'),
       (1146, '애완동물집, 운반케이스', '생활폐기물', 'https://ik.imagekit.io/blisgo/dictionary/1146.webp', NULL),
       (1147, '액자', '생활폐기물/대형폐기물', 'https://ik.imagekit.io/blisgo/dictionary/1147.webp',
        '<p><strong>종량제봉투</strong>에 담을 수 없는 경우 <strong>대형폐기물</strong>로 처리</p>'),
       (1148, '앨범', '생활폐기물/대형폐기물', 'https://ik.imagekit.io/blisgo/dictionary/1148.webp',
        '<p><strong>종량제봉투</strong>에 담을 수 없는 경우 <strong>대형폐기물</strong>로 처리</p>'),
       (1149, '야구공', '생활폐기물', 'https://ik.imagekit.io/blisgo/dictionary/1149.webp', NULL),
       (1150, '야구글러브', '생활폐기물', 'https://ik.imagekit.io/blisgo/dictionary/1150.webp', NULL),
       (1151, '야구배트', '생활폐기물', 'https://ik.imagekit.io/blisgo/dictionary/1151.webp',
        '<p><strong>재질에 맞게</strong> 배출 또는 <strong>종량제봉투</strong>로 배출</p>'),
       (1152, '약 종류', '생활폐기물', 'https://ik.imagekit.io/blisgo/dictionary/1152.webp',
        '<p>약국, 보건소 등의 <strong>전용수거함</strong>으로 배출</p>'),
       (1153, '양초', '생활폐기물', 'https://ik.imagekit.io/blisgo/dictionary/1153.webp', NULL),
       (1154, '에어매트', '생활폐기물/대형폐기물', 'https://ik.imagekit.io/blisgo/dictionary/1154.webp',
        '<p><strong>종량제봉투</strong>에 담을 수 없는 경우 <strong>대형폐기물</strong>로 처리</p>'),
       (1155, '에어컨', '폐가전제품', 'https://ik.imagekit.io/blisgo/dictionary/1155.webp', NULL),
       (1156, '엔진오일', '기타폐기물', 'https://ik.imagekit.io/blisgo/dictionary/1156.webp',
        '<p><strong>전문처리시설</strong>(카센터 등)로 배출</p>'),
       (1157, '여행가방(트렁크)', '대형폐기물', 'https://ik.imagekit.io/blisgo/dictionary/1157.webp', NULL),
       (1158, '역기', '생활폐기물', 'https://ik.imagekit.io/blisgo/dictionary/1158.webp', NULL),
       (1159, '연필, 색연필', '생활폐기물', 'https://ik.imagekit.io/blisgo/dictionary/1159.webp', NULL),
       (1160, '연필깎이', '생활폐기물', 'https://ik.imagekit.io/blisgo/dictionary/1160.webp', NULL),
       (1161, '오디오세트', '폐가전제품', 'https://ik.imagekit.io/blisgo/dictionary/1161.webp', NULL),
       (1162, '오렌지껍질', '생활폐기물', 'https://ik.imagekit.io/blisgo/dictionary/1162.webp', NULL),
       (1163, '온풍기', '폐가전제품', 'https://ik.imagekit.io/blisgo/dictionary/1163.webp', NULL),
       (1164, '옷걸이(세탁소 흰색 철사)', '생활폐기물', 'https://ik.imagekit.io/blisgo/dictionary/1164.webp', NULL),
       (1165, '와이퍼', '생활폐기물', 'https://ik.imagekit.io/blisgo/dictionary/1165.webp', NULL),
       (1166, '와인셀러', '폐가전제품', 'https://ik.imagekit.io/blisgo/dictionary/1166.webp', NULL),
       (1167, '완충재(뽁뽁이)', '생활폐기물', 'https://ik.imagekit.io/blisgo/dictionary/1167.webp', NULL),
       (1168, '요가매트', '생활폐기물', 'https://ik.imagekit.io/blisgo/dictionary/1168.webp', NULL),
       (1169, '우산', '생활폐기물', 'https://ik.imagekit.io/blisgo/dictionary/1169.webp',
        '<p>뼈대와 비닐을 분리하여, 각각의 분리수거함으로 배출, 분리가 어렵다면 <strong>종량제봉투</strong>로 배출</p>'),
       (1170, '유리병', '생활폐기물', 'https://ik.imagekit.io/blisgo/dictionary/1170.webp', '<p><strong>유리병류</strong>로 배출</p>'),
       (1171, '유리병뚜껑(철, 알루미늄)', '생활폐기물', 'https://ik.imagekit.io/blisgo/dictionary/1171.webp', NULL),
       (1172, '유리판, 유리제품', '생활폐기물/대형폐기물', 'https://ik.imagekit.io/blisgo/dictionary/1172.webp',
        '<p><strong>불연성폐기물</strong> 또는 <strong>대형폐기물</strong>로 배출</p>'),
       (1173, '유모차', '대형폐기물', 'https://ik.imagekit.io/blisgo/dictionary/1173.webp', NULL),
       (1174, '윤활유', '기타폐기물', 'https://ik.imagekit.io/blisgo/dictionary/1174.webp', '<p>구입처와 상담 후 배출</p>'),
       (1175, '응접세트', '대형폐기물', 'https://ik.imagekit.io/blisgo/dictionary/1175.webp', NULL),
       (1176, '의류', '생활폐기물', 'https://ik.imagekit.io/blisgo/dictionary/1176.webp',
        '<p><strong>의류 및 원단류</strong>로 배출</p>'),
       (1177, '의류건조대', '생활폐기물', 'https://ik.imagekit.io/blisgo/dictionary/1177.webp',
        '<p><strong>고철</strong>, <strong>플라스틱</strong> 등 <strong>재질에 맞게</strong> 배출</p>'),
       (1178, '의자', '대형폐기물', 'https://ik.imagekit.io/blisgo/dictionary/1178.webp', NULL),
       (1179, '이불', '생활폐기물/대형폐기물', 'https://ik.imagekit.io/blisgo/dictionary/1179.webp',
        '<p><strong>종량제종투</strong>에 담을 수 없는 경우 <strong>대형폐기물</strong>로 배출</p>'),
       (1180, '인형류', '생활폐기물/대형폐기물', 'https://ik.imagekit.io/blisgo/dictionary/1180.webp',
        '<p><strong>종량제종투</strong>에 담을 수 없는 경우 <strong>대형폐기물</strong>로 배출</p>'),
       (1181, '자동차 부품', '기타폐기물', 'https://ik.imagekit.io/blisgo/dictionary/1181.webp', '<p>중고센터, 판매처 등과 상담하여 처리</p>'),
       (1182, '자루걸레', '대형폐기물', 'https://ik.imagekit.io/blisgo/dictionary/1182.webp', NULL),
       (1183, '자석', '생활폐기물', 'https://ik.imagekit.io/blisgo/dictionary/1183.webp', NULL),
       (1184, '자전거', '기타폐기물/대형폐기물', 'https://ik.imagekit.io/blisgo/dictionary/1184.webp',
        '<p><strong>대형폐기물</strong>로 처리하거나, 중고센터 등과 상담하여 처리</p>'),
       (1185, '잡지', '생활폐기물', 'https://ik.imagekit.io/blisgo/dictionary/1185.webp', NULL),
       (1186, '장난감류', '생활폐기물/대형폐기물', 'https://ik.imagekit.io/blisgo/dictionary/1186.webp',
        '<p>크기에 따라 <strong>대형폐기물</strong> 또는 <strong>재질에 맞게</strong> 배출 (여러재질이 섞인 경우 <strong>종량제봉투</strong>로 배출)</p>'),
       (1187, '장롱', '대형폐기물', 'https://ik.imagekit.io/blisgo/dictionary/1187.webp', NULL),
       (1188, '장식장', '대형폐기물', 'https://ik.imagekit.io/blisgo/dictionary/1188.webp', NULL),
       (1189, '장판', '대형폐기물', 'https://ik.imagekit.io/blisgo/dictionary/1189.webp', NULL),
       (1190, '재떨이', '생활폐기물', 'https://ik.imagekit.io/blisgo/dictionary/1190.webp',
        '<p><strong>불연성-종량제</strong> &lt; 도자기&middot;유리재떨이<br /><strong>고철</strong> &lt; 금속류 재떨이</p>'),
       (1191, '전기밥솔', '폐가전제품', 'https://ik.imagekit.io/blisgo/dictionary/1191.webp', NULL),
       (1192, '전기비데', '폐가전제품', 'https://ik.imagekit.io/blisgo/dictionary/1192.webp', NULL),
       (1193, '전기오븐레인지', '폐가전제품', 'https://ik.imagekit.io/blisgo/dictionary/1193.webp', NULL),
       (1194, '전기코드류', '생활폐기물', 'https://ik.imagekit.io/blisgo/dictionary/1194.webp', NULL),
       (1195, '전기포트', '폐가전제품', 'https://ik.imagekit.io/blisgo/dictionary/1195.webp', NULL),
       (1196, '전단지', '생활폐기물', 'https://ik.imagekit.io/blisgo/dictionary/1196.webp', NULL),
       (1197, '전동칫솔', '생활폐기물', 'https://ik.imagekit.io/blisgo/dictionary/1197.webp', NULL),
       (1198, '전자레인지', '폐가전제품', 'https://ik.imagekit.io/blisgo/dictionary/1198.webp', NULL),
       (1199, '전자사전(전자수첩)', '폐가전제품', 'https://ik.imagekit.io/blisgo/dictionary/1199.webp', NULL),
       (1200, '전자피아노', '생활폐기물/대형폐기물', 'https://ik.imagekit.io/blisgo/dictionary/1200.webp',
        '<p>종량제봉투에 담을 수 없는 경우 대형폐기물로 처리<br />※악기는 폐가전 제품 무상방문 수거 대상품목이 아님</p>'),
       (1201, '전지', '생활폐기물', 'https://ik.imagekit.io/blisgo/dictionary/1201.webp',
        '<p><strong>전용수거함</strong>으로 배출</p>'),
       (1202, '전축', '폐가전제품', 'https://ik.imagekit.io/blisgo/dictionary/1202.webp', NULL),
       (1203, '전화기(팩스포함)', '폐가전제품', 'https://ik.imagekit.io/blisgo/dictionary/1203.webp', NULL),
       (1204, '전화번호부', '생활폐기물', 'https://ik.imagekit.io/blisgo/dictionary/1204.webp', NULL),
       (1205, '접착제(본드 등)', '생활폐기물', 'https://ik.imagekit.io/blisgo/dictionary/1205.webp', NULL),
       (1206, '정기장판', '대형폐기물', 'https://ik.imagekit.io/blisgo/dictionary/1206.webp',
        '<p><strong>대형폐기물</strong>로 배출 (전기이불담요 포함)</p>'),
       (1207, '정수기', '폐가전제품', 'https://ik.imagekit.io/blisgo/dictionary/1207.webp',
        '<p><strong>대형가전</strong>으로 배출</p>'),
       (1208, '젖꼭지(아기용품)', '생활폐기물', 'https://ik.imagekit.io/blisgo/dictionary/1208.webp', NULL),
       (1209, '젖병(아기용품)', '생활폐기물', 'https://ik.imagekit.io/blisgo/dictionary/1209.webp',
        '<p>젖병의 몸체와 윗부분의 젖꼭지는 분리하여 <strong>재질에 맞게</strong> 배출</p>'),
       (1210, '조각칼', '생활폐기물', 'https://ik.imagekit.io/blisgo/dictionary/1210.webp',
        '<p>수거원이 다치지 않도록 종이 등으로 감싸서 <strong>종량제봉투</strong>로 배출</p>'),
       (1211, '종이기저귀', '생활폐기물', 'https://ik.imagekit.io/blisgo/dictionary/1211.webp', NULL),
       (1212, '종이상자', '생활폐기물', 'https://ik.imagekit.io/blisgo/dictionary/1212.webp', NULL),
       (1213, '종이심', '생활폐기물', 'https://ik.imagekit.io/blisgo/dictionary/1213.webp', NULL),
       (1214, '종이조각', '생활폐기물', 'https://ik.imagekit.io/blisgo/dictionary/1214.webp', NULL),
       (1215, '종이팩(우유팩 등)', '생활폐기물', 'https://ik.imagekit.io/blisgo/dictionary/1215.webp',
        '<p>내부에 알루미늄박이 붙어 있다면 <strong>종량제봉투</strong>로 배출</p>'),
       (1216, '주전자(철, 알루미늄)', '생활폐기물', 'https://ik.imagekit.io/blisgo/dictionary/1216.webp',
        '<p>플라스틱 뚜껑 등은 돌려서 제거한 후 <strong>고철</strong>로 배출</p>'),
       (1217, '줄자', '생활폐기물', 'https://ik.imagekit.io/blisgo/dictionary/1217.webp',
        '<p><strong>재질에 맞게</strong> 배출 또는 <strong>종량제봉투</strong>로 배출</p>'),
       (1218, '지우개', '생활폐기물', 'https://ik.imagekit.io/blisgo/dictionary/1218.webp', NULL),
       (1219, '진열대', '생활폐기물/대형폐기물', 'https://ik.imagekit.io/blisgo/dictionary/1219.webp', NULL),
       (1220, '차 찌꺼기', '생활폐기물', 'https://ik.imagekit.io/blisgo/dictionary/1220.webp', NULL),
       (1221, '찬장', '대형폐기물', 'https://ik.imagekit.io/blisgo/dictionary/1221.webp', NULL),
       (1222, '찻잔(도자기류)', '생활폐기물', 'https://ik.imagekit.io/blisgo/dictionary/1222.webp', NULL),
       (1223, '책', '생활폐기물', 'https://ik.imagekit.io/blisgo/dictionary/1223.webp', NULL),
       (1224, '책상, 책장', '대형폐기물', 'https://ik.imagekit.io/blisgo/dictionary/1224.webp', NULL),
       (1225, '천체망원경', '대형폐기물', 'https://ik.imagekit.io/blisgo/dictionary/1225.webp', NULL),
       (1226, '철사', '생활폐기물', 'https://ik.imagekit.io/blisgo/dictionary/1226.webp', NULL),
       (1227, '철판(가정요리용)', '생활폐기물', 'https://ik.imagekit.io/blisgo/dictionary/1227.webp', NULL),
       (1228, '청소기', '폐가전제품', 'https://ik.imagekit.io/blisgo/dictionary/1228.webp', NULL),
       (1229, '체온계(건전지, 디지털)', '생활폐기물', 'https://ik.imagekit.io/blisgo/dictionary/1229.webp',
        '<p>건전지는 분리하여 <strong>전용수거함</strong>으로 배출</p>'),
       (1230, '체중계', '생활폐기물/대형폐기물', 'https://ik.imagekit.io/blisgo/dictionary/1230.webp',
        '<p><strong>종량제종투</strong>에 담을 수 없는 경우 <strong>대형폐기물</strong>로 배출</p>'),
       (1231, '축구공', '생활폐기물', 'https://ik.imagekit.io/blisgo/dictionary/1231.webp', NULL),
       (1232, '충전식전지', '생활폐기물', 'https://ik.imagekit.io/blisgo/dictionary/1232.webp',
        '<p><strong>전용수거함</strong>으로 배출</p>'),
       (1233, '치약용기', '생활폐기물', 'https://ik.imagekit.io/blisgo/dictionary/1233.webp',
        '<p>플라스틱 또는 <strong>재질에 맞게</strong> 배출</p>'),
       (1234, '치킨박스', '생활폐기물', 'https://ik.imagekit.io/blisgo/dictionary/1234.webp',
        '<p>기름에 오염된 내부 종이는 <strong>종량제봉투</strong>로 배출</p>'),
       (1235, '침구류(이불, 베개 등)', '생활폐기물/대형폐기물', 'https://ik.imagekit.io/blisgo/dictionary/1235.webp',
        '<p><strong>종량제종투</strong>에 담을 수 없는 경우 <strong>대형폐기물</strong>로 배출</p>'),
       (1236, '침대', '대형폐기물', 'https://ik.imagekit.io/blisgo/dictionary/1236.webp', NULL),
       (1237, '칫솔', '생활폐기물', 'https://ik.imagekit.io/blisgo/dictionary/1237.webp', NULL),
       (1238, '카펫, 융단', '생활폐기물/대형폐기물', 'https://ik.imagekit.io/blisgo/dictionary/1238.webp',
        '<p><strong>종량제종투</strong>에 담을 수 없는 경우 <strong>대형폐기물</strong>로 배출</p>'),
       (1239, '캐비넷', '대형폐기물', 'https://ik.imagekit.io/blisgo/dictionary/1239.webp', NULL),
       (1240, '캔 따개', '생활폐기물', 'https://ik.imagekit.io/blisgo/dictionary/1240.webp', NULL),
       (1241, '캡(플라스틱 뚜껑)', '생활폐기물', 'https://ik.imagekit.io/blisgo/dictionary/1241.webp', NULL),
       (1242, '커튼, 커튼 레일', '대형폐기물', 'https://ik.imagekit.io/blisgo/dictionary/1242.webp',
        '<p><strong>종량제종투</strong>에 담을 수 없는 경우 <strong>대형폐기물</strong>로 배출</p>'),
       (1243, '커피메이커', '폐가전제품', 'https://ik.imagekit.io/blisgo/dictionary/1243.webp', NULL),
       (1244, '커피원두, 찌꺼기', '생활폐기물', 'https://ik.imagekit.io/blisgo/dictionary/1244.webp', NULL),
       (1245, '컴퓨터', '폐가전제품', 'https://ik.imagekit.io/blisgo/dictionary/1245.webp', NULL),
       (1246, '컵', '생활폐기물', 'https://ik.imagekit.io/blisgo/dictionary/1246.webp',
        '<p><strong>불연성-종량제</strong> &lt; 도자기&middot;유리 컵<br /><strong>고철</strong> &lt; 금속&middot;비금속 컵<br /><strong>플라스틱</strong> &lt; 플라스틱컵</p>'),
       (1247, '코르크따개(와인따개)', '생활폐기물', 'https://ik.imagekit.io/blisgo/dictionary/1247.webp',
        '<p>수거원이&nbsp;다치지&nbsp;않도록&nbsp;종이&nbsp;등으로&nbsp;감싸서&nbsp;<strong>종량제봉투</strong>로 배출<br /><strong>재질에&nbsp;맞게</strong>&nbsp;해당&nbsp;분리수거함으로&nbsp;배출</p>'),
       (1248, '코르크마개', '생활폐기물', 'https://ik.imagekit.io/blisgo/dictionary/1248.webp', NULL),
       (1249, '코팅된 종이', '생활폐기물', 'https://ik.imagekit.io/blisgo/dictionary/1249.webp', NULL),
       (1250, '콘센트', '생활폐기물', 'https://ik.imagekit.io/blisgo/dictionary/1250.webp', NULL),
       (1251, '콘텍트렌즈', '생활폐기물', 'https://ik.imagekit.io/blisgo/dictionary/1251.webp', NULL),
       (1252, '쿠션', '생활폐기물/대형폐기물', 'https://ik.imagekit.io/blisgo/dictionary/1252.webp',
        '<p><strong>종량제종투</strong>에 담을 수 없는 경우 <strong>대형폐기물</strong>로 배출</p>'),
       (1253, '크레용', '생활폐기물', 'https://ik.imagekit.io/blisgo/dictionary/1253.webp', NULL),
       (1254, '키보드(컴퓨터용)', '폐가전제품', 'https://ik.imagekit.io/blisgo/dictionary/1254.webp', NULL),
       (1255, '타이어', '기타폐기물', 'https://ik.imagekit.io/blisgo/dictionary/1255.webp', '<p>구입처와 상담 후 배출</p>'),
       (1256, '탁상달력', '생활폐기물', 'https://ik.imagekit.io/blisgo/dictionary/1256.webp',
        '<p><strong>종이류</strong> 배출방법을 참고하여 배출</p>'),
       (1257, '탈수기', '폐가전제품', 'https://ik.imagekit.io/blisgo/dictionary/1257.webp', NULL),
       (1258, '텐트', '생활폐기물/대형폐기물', 'https://ik.imagekit.io/blisgo/dictionary/1258.webp',
        '<p><strong>종량제종투</strong>에 담을 수 없는 경우 <strong>대형폐기물</strong>로 배출</p>'),
       (1259, '텔레비전(TV)', '폐가전제품', 'https://ik.imagekit.io/blisgo/dictionary/1259.webp', NULL),
       (1260, '토스터기', '폐가전제품', 'https://ik.imagekit.io/blisgo/dictionary/1260.webp', NULL),
       (1261, '톱', '생활폐기물', 'https://ik.imagekit.io/blisgo/dictionary/1261.webp', NULL),
       (1262, '튀김기름', '생활폐기물', 'https://ik.imagekit.io/blisgo/dictionary/1262.webp',
        '<p>폐식용유 <strong>전용수거함</strong> 배출</p>'),
       (1263, '틀니', '생활폐기물', 'https://ik.imagekit.io/blisgo/dictionary/1263.webp', NULL),
       (1264, '티백(녹차)', '생활폐기물', 'https://ik.imagekit.io/blisgo/dictionary/1264.webp', NULL),
       (1265, '파인애플껍질', '생활폐기물', 'https://ik.imagekit.io/blisgo/dictionary/1265.webp', NULL),
       (1266, '팩스(복합기)', '폐가전제품', 'https://ik.imagekit.io/blisgo/dictionary/1266.webp', NULL),
       (1267, '페트병', '생활폐기물', 'https://ik.imagekit.io/blisgo/dictionary/1267.webp', NULL),
       (1268, '포스터, 포장지', '생활폐기물', 'https://ik.imagekit.io/blisgo/dictionary/1268.webp',
        '<p><strong>종이류</strong> 배출방법을 참고하여 배출</p>'),
       (1269, '프린터', '폐가전제품', 'https://ik.imagekit.io/blisgo/dictionary/1269.webp', NULL),
       (1270, '피아노', '기타폐기물/대형폐기물', 'https://ik.imagekit.io/blisgo/dictionary/1270.webp',
        '<p><strong>대형폐기물</strong>로 처리하거나, 중고센터등과 상담하여 처리</p>'),
       (1271, '피자 세이버(피자 삼발이)', '생활폐기물', 'https://ik.imagekit.io/blisgo/dictionary/1271.webp', NULL),
       (1272, '피자박스', '생활폐기물', 'https://ik.imagekit.io/blisgo/dictionary/1272.webp',
        '<p>기름에 오염된 내부 종이는 <strong>종량제봉투</strong>로 배출</p>'),
       (1273, '필름(사진용)', '생활폐기물', 'https://ik.imagekit.io/blisgo/dictionary/1273.webp', NULL),
       (1274, '핫팩', '생활폐기물', 'https://ik.imagekit.io/blisgo/dictionary/1274.webp', NULL),
       (1275, '항아리', '대형폐기물', 'https://ik.imagekit.io/blisgo/dictionary/1275.webp',
        '<p><strong>대형폐기물</strong>로 처리</p>'),
       (1276, '헝겁류', '생활폐기물', 'https://ik.imagekit.io/blisgo/dictionary/1276.webp', NULL),
       (1277, '헤드폰(헤드셋)', '폐가전제품', 'https://ik.imagekit.io/blisgo/dictionary/1277.webp', NULL),
       (1278, '헬멧', '생활폐기물', 'https://ik.imagekit.io/blisgo/dictionary/1278.webp',
        '<p><strong>종량제봉투</strong>로 배출하되, 분리하여 <strong>재질에 맞게</strong> 배출</p>'),
       (1279, '형광등', '생활폐기물', 'https://ik.imagekit.io/blisgo/dictionary/1279.webp',
        '<p><strong>전용수거함</strong>으로 배출</p>'),
       (1280, '호일(사용 후)', '생활폐기물', 'https://ik.imagekit.io/blisgo/dictionary/1280.webp', NULL),
       (1281, '화로', '대형폐기물', 'https://ik.imagekit.io/blisgo/dictionary/1281.webp', NULL),
       (1282, '화분, 화병', '생활폐기물', 'https://ik.imagekit.io/blisgo/dictionary/1282.webp',
        '<p><strong>불연성폐기물</strong>로 배출 등 <strong>재질에 맞게</strong> 배출</p>'),
       (1283, '화장대', '대형폐기물', 'https://ik.imagekit.io/blisgo/dictionary/1283.webp', NULL),
       (1284, '화장품냉장고', '폐가전제품', 'https://ik.imagekit.io/blisgo/dictionary/1284.webp', NULL),
       (1285, '후라이팬', '생활폐기물', 'https://ik.imagekit.io/blisgo/dictionary/1285.webp', NULL),
       (1286, '휴대용 플레이어(MP3등)', '폐가전제품', 'https://ik.imagekit.io/blisgo/dictionary/1286.webp', NULL),
       (1287, '휴대전화', '폐가전제품', 'https://ik.imagekit.io/blisgo/dictionary/1287.webp',
        '<p><strong>폐가전제품</strong>으로 배출<br />※우체국 보상판매 이용 가능</p>');

INSERT INTO waste_categories (categories, waste_id)
VALUES ('PAPER', 1001),
       ('BULKY', 1002),
       ('PAY_AS_YOU_GO_BAG', 1003),
       ('HOME_APPLIANCES', 1004),
       ('PAY_AS_YOU_GO_BAG', 1005),
       ('SEPARATION_BY_MATERIAL', 1005),
       ('BULKY', 1006),
       ('NON_FLAMMABLE', 1007),
       ('BULKY', 1007),
       ('PAY_AS_YOU_GO_BAG', 1008),
       ('PAY_AS_YOU_GO_BAG', 1009),
       ('PAY_AS_YOU_GO_BAG', 1010),
       ('PAPER', 1011),
       ('PLASTIC', 1011),
       ('BULKY', 1012),
       ('PAY_AS_YOU_GO_BAG', 1013),
       ('IRON', 1014),
       ('HOME_APPLIANCES', 1015),
       ('PAPER', 1016),
       ('CLOTHES', 1017),
       ('PAY_AS_YOU_GO_BAG', 1017),
       ('IRON', 1018),
       ('PLASTIC', 1018),
       ('PAY_AS_YOU_GO_BAG', 1018),
       ('NON_FLAMMABLE', 1019),
       ('IRON', 1019),
       ('PLASTIC', 1019),
       ('PRO_FACILITY', 1020),
       ('ONLY_BOX', 1021),
       ('BULKY', 1022),
       ('NON_FLAMMABLE', 1023),
       ('PAY_AS_YOU_GO_BAG', 1024),
       ('PAY_AS_YOU_GO_BAG', 1025),
       ('BULKY', 1025),
       ('IRON', 1026),
       ('PAY_AS_YOU_GO_BAG', 1027),
       ('PAY_AS_YOU_GO_BAG', 1028),
       ('BULKY', 1029),
       ('HOME_APPLIANCES', 1030),
       ('BULKY', 1030),
       ('IRON', 1031),
       ('PAY_AS_YOU_GO_BAG', 1031),
       ('NON_FLAMMABLE', 1032),
       ('PAY_AS_YOU_GO_BAG', 1033),
       ('HOME_APPLIANCES', 1034),
       ('HOME_APPLIANCES', 1035),
       ('CAUTION', 1036),
       ('HOME_APPLIANCES', 1037),
       ('IRON', 1038),
       ('PAY_AS_YOU_GO_BAG', 1038),
       ('PAY_AS_YOU_GO_BAG', 1039),
       ('PLASTIC', 1039),
       ('NON_FLAMMABLE', 1040),
       ('PAY_AS_YOU_GO_BAG', 1041),
       ('HOME_APPLIANCES', 1042),
       ('NON_FLAMMABLE', 1043),
       ('HOME_APPLIANCES', 1044),
       ('PAY_AS_YOU_GO_BAG', 1045),
       ('CAUTION', 1045),
       ('PAY_AS_YOU_GO_BAG', 1046),
       ('BULKY', 1046),
       ('PAY_AS_YOU_GO_BAG', 1047),
       ('PAPER', 1048),
       ('HOME_APPLIANCES', 1049),
       ('PLASTIC', 1050),
       ('PAY_AS_YOU_GO_BAG', 1051),
       ('PAY_AS_YOU_GO_BAG', 1052),
       ('PAY_AS_YOU_GO_BAG', 1053),
       ('BULKY', 1054),
       ('IRON', 1055),
       ('NON_FLAMMABLE', 1056),
       ('CLOTHES', 1057),
       ('PLASTIC', 1058),
       ('PAY_AS_YOU_GO_BAG', 1059),
       ('PAY_AS_YOU_GO_BAG', 1060),
       ('CAUTION', 1060),
       ('PAY_AS_YOU_GO_BAG', 1061),
       ('PAPER', 1062),
       ('PAY_AS_YOU_GO_BAG', 1062),
       ('PAY_AS_YOU_GO_BAG', 1063),
       ('HOME_APPLIANCES', 1064),
       ('CLOTHES', 1065),
       ('PAY_AS_YOU_GO_BAG', 1065),
       ('IRON', 1066),
       ('SEPARATION_BY_MATERIAL', 1066),
       ('BULKY', 1066),
       ('PAY_AS_YOU_GO_BAG', 1067),
       ('BULKY', 1067),
       ('BULKY', 1068),
       ('PAY_AS_YOU_GO_BAG', 1069),
       ('PAY_AS_YOU_GO_BAG', 1070),
       ('PROG', 1071),
       ('PAY_AS_YOU_GO_BAG', 1072),
       ('BULKY', 1072),
       ('BULKY', 1073),
       ('BULKY', 1074),
       ('PAY_AS_YOU_GO_BAG', 1075),
       ('PAPER', 1076),
       ('NON_FLAMMABLE', 1077),
       ('PAY_AS_YOU_GO_BAG', 1078),
       ('NON_FLAMMABLE', 1079),
       ('BULKY', 1080),
       ('PAY_AS_YOU_GO_BAG', 1081),
       ('HOME_APPLIANCES', 1082),
       ('PAY_AS_YOU_GO_BAG', 1083),
       ('PLASTIC', 1084),
       ('PLASTIC', 1085),
       ('IRON', 1086),
       ('PAY_AS_YOU_GO_BAG', 1087),
       ('BULKY', 1088),
       ('VINYL', 1089),
       ('PAY_AS_YOU_GO_BAG', 1090),
       ('BULKY', 1090),
       ('PAY_AS_YOU_GO_BAG', 1091),
       ('HOME_APPLIANCES', 1092),
       ('PLASTIC', 1093),
       ('SEPARATION_BY_MATERIAL', 1094),
       ('PAY_AS_YOU_GO_BAG', 1094),
       ('PLASTIC', 1095),
       ('IRON', 1096),
       ('BULKY', 1096),
       ('PAY_AS_YOU_GO_BAG', 1097),
       ('PAY_AS_YOU_GO_BAG', 1098),
       ('PAY_AS_YOU_GO_BAG', 1099),
       ('SEPARATION_BY_MATERIAL', 1100),
       ('BULKY', 1100),
       ('PROG', 1101),
       ('PROG', 1102),
       ('PAY_AS_YOU_GO_BAG', 1102),
       ('PAY_AS_YOU_GO_BAG', 1103),
       ('PLASTIC', 1104),
       ('BULKY', 1105),
       ('PAPER', 1106),
       ('HOME_APPLIANCES', 1107),
       ('PAY_AS_YOU_GO_BAG', 1108),
       ('BULKY', 1109),
       ('HOME_APPLIANCES', 1110),
       ('PAY_AS_YOU_GO_BAG', 1111),
       ('PLASTIC', 1112),
       ('SEPARATION_BY_MATERIAL', 1112),
       ('PAY_AS_YOU_GO_BAG', 1113),
       ('PAY_AS_YOU_GO_BAG', 1114),
       ('BULKY', 1115),
       ('PAY_AS_YOU_GO_BAG', 1116),
       ('PAY_AS_YOU_GO_BAG', 1117),
       ('BULKY', 1118),
       ('PAPER', 1119),
       ('SEPARATION_BY_MATERIAL', 1119),
       ('PAY_AS_YOU_GO_BAG', 1120),
       ('BULKY', 1121),
       ('HOME_APPLIANCES', 1122),
       ('BULKY', 1123),
       ('BULKY', 1124),
       ('HOME_APPLIANCES', 1125),
       ('PAY_AS_YOU_GO_BAG', 1126),
       ('METAL', 1127),
       ('CAUTION', 1127),
       ('HOME_APPLIANCES', 1128),
       ('HOME_APPLIANCES', 1129),
       ('PAY_AS_YOU_GO_BAG', 1130),
       ('BULKY', 1130),
       ('PLASTIC', 1131),
       ('PAPER', 1132),
       ('PAY_AS_YOU_GO_BAG', 1133),
       ('BULKY', 1134),
       ('BULKY', 1135),
       ('BULKY', 1136),
       ('PAPER', 1137),
       ('SEPARATION_BY_MATERIAL', 1137),
       ('PLASTIC', 1138),
       ('IRON', 1138),
       ('SEPARATION_BY_MATERIAL', 1139),
       ('BULKY', 1139),
       ('IRON', 1140),
       ('SEPARATION_BY_MATERIAL', 1140),
       ('PAY_AS_YOU_GO_BAG', 1141),
       ('PAY_AS_YOU_GO_BAG', 1142),
       ('BULKY', 1142),
       ('IRON', 1143),
       ('PAY_AS_YOU_GO_BAG', 1144),
       ('METAL', 1145),
       ('CAUTION', 1145),
       ('SEPARATION_BY_MATERIAL', 1146),
       ('PAY_AS_YOU_GO_BAG', 1147),
       ('BULKY', 1147),
       ('PAY_AS_YOU_GO_BAG', 1148),
       ('BULKY', 1148),
       ('PAY_AS_YOU_GO_BAG', 1149),
       ('PAY_AS_YOU_GO_BAG', 1150),
       ('SEPARATION_BY_MATERIAL', 1151),
       ('PAY_AS_YOU_GO_BAG', 1151),
       ('ONLY_BOX', 1152),
       ('PAY_AS_YOU_GO_BAG', 1153),
       ('PAY_AS_YOU_GO_BAG', 1154),
       ('BULKY', 1154),
       ('HOME_APPLIANCES', 1155),
       ('PRO_FACILITY', 1156),
       ('BULKY', 1157),
       ('IRON', 1158),
       ('PAY_AS_YOU_GO_BAG', 1159),
       ('PAY_AS_YOU_GO_BAG', 1160),
       ('HOME_APPLIANCES', 1161),
       ('PROG', 1162),
       ('HOME_APPLIANCES', 1163),
       ('IRON', 1164),
       ('SEPARATION_BY_MATERIAL', 1165),
       ('HOME_APPLIANCES', 1166),
       ('VINYL', 1167),
       ('PAY_AS_YOU_GO_BAG', 1168),
       ('PAY_AS_YOU_GO_BAG', 1169),
       ('GLASS', 1170),
       ('CAUTION', 1170),
       ('IRON', 1171),
       ('NON_FLAMMABLE', 1172),
       ('BULKY', 1172),
       ('BULKY', 1173),
       ('PRO_FACILITY', 1174),
       ('BULKY', 1175),
       ('CLOTHES', 1176),
       ('IRON', 1177),
       ('PLASTIC', 1177),
       ('SEPARATION_BY_MATERIAL', 1177),
       ('BULKY', 1178),
       ('PAY_AS_YOU_GO_BAG', 1179),
       ('BULKY', 1179),
       ('PAY_AS_YOU_GO_BAG', 1180),
       ('BULKY', 1180),
       ('PRO_FACILITY', 1181),
       ('BULKY', 1182),
       ('PAY_AS_YOU_GO_BAG', 1183),
       ('PRO_FACILITY', 1184),
       ('BULKY', 1184),
       ('PAPER', 1185),
       ('SEPARATION_BY_MATERIAL', 1186),
       ('PAY_AS_YOU_GO_BAG', 1186),
       ('BULKY', 1186),
       ('BULKY', 1187),
       ('BULKY', 1188),
       ('BULKY', 1189),
       ('NON_FLAMMABLE', 1190),
       ('IRON', 1190),
       ('HOME_APPLIANCES', 1191),
       ('HOME_APPLIANCES', 1192),
       ('HOME_APPLIANCES', 1193),
       ('PAY_AS_YOU_GO_BAG', 1194),
       ('HOME_APPLIANCES', 1195),
       ('PAPER', 1196),
       ('PAY_AS_YOU_GO_BAG', 1197),
       ('HOME_APPLIANCES', 1198),
       ('HOME_APPLIANCES', 1199),
       ('PAY_AS_YOU_GO_BAG', 1200),
       ('BULKY', 1200),
       ('ONLY_BOX', 1201),
       ('HOME_APPLIANCES', 1202),
       ('HOME_APPLIANCES', 1203),
       ('PAPER', 1204),
       ('PAY_AS_YOU_GO_BAG', 1205),
       ('BULKY', 1206),
       ('HOME_APPLIANCES', 1207),
       ('PAY_AS_YOU_GO_BAG', 1208),
       ('PLASTIC', 1209),
       ('SEPARATION_BY_MATERIAL', 1209),
       ('PAY_AS_YOU_GO_BAG', 1210),
       ('PAY_AS_YOU_GO_BAG', 1211),
       ('PAPER', 1212),
       ('PAPER', 1213),
       ('PAPER', 1214),
       ('CARTON', 1215),
       ('IRON', 1216),
       ('SEPARATION_BY_MATERIAL', 1217),
       ('PAY_AS_YOU_GO_BAG', 1217),
       ('PAY_AS_YOU_GO_BAG', 1218),
       ('SEPARATION_BY_MATERIAL', 1219),
       ('BULKY', 1219),
       ('PAY_AS_YOU_GO_BAG', 1220),
       ('BULKY', 1221),
       ('NON_FLAMMABLE', 1222),
       ('PAPER', 1223),
       ('BULKY', 1224),
       ('BULKY', 1225),
       ('IRON', 1226),
       ('IRON', 1227),
       ('HOME_APPLIANCES', 1228),
       ('PAY_AS_YOU_GO_BAG', 1229),
       ('PAY_AS_YOU_GO_BAG', 1230),
       ('BULKY', 1230),
       ('PAY_AS_YOU_GO_BAG', 1231),
       ('ONLY_BOX', 1232),
       ('PLASTIC', 1233),
       ('SEPARATION_BY_MATERIAL', 1233),
       ('PAPER', 1234),
       ('PAY_AS_YOU_GO_BAG', 1235),
       ('BULKY', 1235),
       ('BULKY', 1236),
       ('PAY_AS_YOU_GO_BAG', 1237),
       ('PAY_AS_YOU_GO_BAG', 1238),
       ('BULKY', 1238),
       ('BULKY', 1239),
       ('IRON', 1240),
       ('PLASTIC', 1241),
       ('PAY_AS_YOU_GO_BAG', 1242),
       ('BULKY', 1242),
       ('HOME_APPLIANCES', 1243),
       ('PAY_AS_YOU_GO_BAG', 1244),
       ('HOME_APPLIANCES', 1245),
       ('NON_FLAMMABLE', 1246),
       ('IRON', 1246),
       ('PLASTIC', 1246),
       ('PAY_AS_YOU_GO_BAG', 1247),
       ('SEPARATION_BY_MATERIAL', 1247),
       ('PAY_AS_YOU_GO_BAG', 1248),
       ('PAY_AS_YOU_GO_BAG', 1249),
       ('PAY_AS_YOU_GO_BAG', 1250),
       ('PAY_AS_YOU_GO_BAG', 1251),
       ('PAY_AS_YOU_GO_BAG', 1252),
       ('BULKY', 1252),
       ('PAY_AS_YOU_GO_BAG', 1253),
       ('HOME_APPLIANCES', 1254),
       ('PRO_FACILITY', 1255),
       ('PAPER', 1256),
       ('HOME_APPLIANCES', 1257),
       ('PAY_AS_YOU_GO_BAG', 1258),
       ('BULKY', 1258),
       ('HOME_APPLIANCES', 1259),
       ('HOME_APPLIANCES', 1260),
       ('IRON', 1261),
       ('ONLY_BOX', 1262),
       ('PAY_AS_YOU_GO_BAG', 1263),
       ('PAY_AS_YOU_GO_BAG', 1264),
       ('PAY_AS_YOU_GO_BAG', 1265),
       ('HOME_APPLIANCES', 1266),
       ('PLASTIC', 1267),
       ('PAPER', 1268),
       ('HOME_APPLIANCES', 1269),
       ('BULKY', 1270),
       ('PRO_FACILITY', 1270),
       ('PLASTIC', 1271),
       ('PAPER', 1272),
       ('PAY_AS_YOU_GO_BAG', 1273),
       ('PAY_AS_YOU_GO_BAG', 1274),
       ('BULKY', 1275),
       ('PAY_AS_YOU_GO_BAG', 1276),
       ('HOME_APPLIANCES', 1277),
       ('PAY_AS_YOU_GO_BAG', 1278),
       ('SEPARATION_BY_MATERIAL', 1278),
       ('ONLY_BOX', 1279),
       ('PAY_AS_YOU_GO_BAG', 1280),
       ('BULKY', 1281),
       ('NON_FLAMMABLE', 1282),
       ('SEPARATION_BY_MATERIAL', 1282),
       ('BULKY', 1283),
       ('HOME_APPLIANCES', 1284),
       ('IRON', 1285),
       ('HOME_APPLIANCES', 1286),
       ('HOME_APPLIANCES', 1287);

INSERT INTO member (member_id, email, name, picture)
VALUES (UNHEX(REPLACE('4c29cb26-d2f3-38d8-9d02-a9da30c7ad99', '-', '')), 'okjaeook98@gmail.com', '옥재욱', 'https://lh3.googleusercontent.com/a/ACg8ocJPZpvBzDi_TG3kMCt_eESIh1-GoXIJW9TyktH0e3NkPwg=s96-c');

SET @time := NOW();

INSERT INTO dogam (member_id, waste_id, created_date)
VALUES (UNHEX(REPLACE('4c29cb26-d2f3-38d8-9d02-a9da30c7ad99', '-', '')), 1001, @time := DATE_SUB(@time, INTERVAL 60 SECOND)),
       (UNHEX(REPLACE('4c29cb26-d2f3-38d8-9d02-a9da30c7ad99', '-', '')), 1002, @time := DATE_SUB(@time, INTERVAL 60 SECOND)),
       (UNHEX(REPLACE('4c29cb26-d2f3-38d8-9d02-a9da30c7ad99', '-', '')), 1003, @time := DATE_SUB(@time, INTERVAL 60 SECOND)),
       (UNHEX(REPLACE('4c29cb26-d2f3-38d8-9d02-a9da30c7ad99', '-', '')), 1004, @time := DATE_SUB(@time, INTERVAL 60 SECOND)),
       (UNHEX(REPLACE('4c29cb26-d2f3-38d8-9d02-a9da30c7ad99', '-', '')), 1005, @time := DATE_SUB(@time, INTERVAL 60 SECOND)),
       (UNHEX(REPLACE('4c29cb26-d2f3-38d8-9d02-a9da30c7ad99', '-', '')), 1006, @time := DATE_SUB(@time, INTERVAL 60 SECOND)),
       (UNHEX(REPLACE('4c29cb26-d2f3-38d8-9d02-a9da30c7ad99', '-', '')), 1007, @time := DATE_SUB(@time, INTERVAL 60 SECOND)),
       (UNHEX(REPLACE('4c29cb26-d2f3-38d8-9d02-a9da30c7ad99', '-', '')), 1008, @time := DATE_SUB(@time, INTERVAL 60 SECOND)),
       (UNHEX(REPLACE('4c29cb26-d2f3-38d8-9d02-a9da30c7ad99', '-', '')), 1009, @time := DATE_SUB(@time, INTERVAL 60 SECOND)),
       (UNHEX(REPLACE('4c29cb26-d2f3-38d8-9d02-a9da30c7ad99', '-', '')), 1010, @time := DATE_SUB(@time, INTERVAL 60 SECOND)),
       (UNHEX(REPLACE('4c29cb26-d2f3-38d8-9d02-a9da30c7ad99', '-', '')), 1011, @time := DATE_SUB(@time, INTERVAL 60 SECOND)),
       (UNHEX(REPLACE('4c29cb26-d2f3-38d8-9d02-a9da30c7ad99', '-', '')), 1012, @time := DATE_SUB(@time, INTERVAL 60 SECOND)),
       (UNHEX(REPLACE('4c29cb26-d2f3-38d8-9d02-a9da30c7ad99', '-', '')), 1013, @time := DATE_SUB(@time, INTERVAL 60 SECOND)),
       (UNHEX(REPLACE('4c29cb26-d2f3-38d8-9d02-a9da30c7ad99', '-', '')), 1014, @time := DATE_SUB(@time, INTERVAL 60 SECOND)),
       (UNHEX(REPLACE('4c29cb26-d2f3-38d8-9d02-a9da30c7ad99', '-', '')), 1015, @time := DATE_SUB(@time, INTERVAL 60 SECOND)),
       (UNHEX(REPLACE('4c29cb26-d2f3-38d8-9d02-a9da30c7ad99', '-', '')), 1016, @time := DATE_SUB(@time, INTERVAL 60 SECOND)),
       (UNHEX(REPLACE('4c29cb26-d2f3-38d8-9d02-a9da30c7ad99', '-', '')), 1017, @time := DATE_SUB(@time, INTERVAL 60 SECOND)),
       (UNHEX(REPLACE('4c29cb26-d2f3-38d8-9d02-a9da30c7ad99', '-', '')), 1018, @time := DATE_SUB(@time, INTERVAL 60 SECOND)),
       (UNHEX(REPLACE('4c29cb26-d2f3-38d8-9d02-a9da30c7ad99', '-', '')), 1019, @time := DATE_SUB(@time, INTERVAL 60 SECOND)),
       (UNHEX(REPLACE('4c29cb26-d2f3-38d8-9d02-a9da30c7ad99', '-', '')), 1020, @time := DATE_SUB(@time, INTERVAL 60 SECOND)),
       (UNHEX(REPLACE('4c29cb26-d2f3-38d8-9d02-a9da30c7ad99', '-', '')), 1021, @time := DATE_SUB(@time, INTERVAL 60 SECOND)),
       (UNHEX(REPLACE('4c29cb26-d2f3-38d8-9d02-a9da30c7ad99', '-', '')), 1022, @time := DATE_SUB(@time, INTERVAL 60 SECOND)),
       (UNHEX(REPLACE('4c29cb26-d2f3-38d8-9d02-a9da30c7ad99', '-', '')), 1023, @time := DATE_SUB(@time, INTERVAL 60 SECOND)),
       (UNHEX(REPLACE('4c29cb26-d2f3-38d8-9d02-a9da30c7ad99', '-', '')), 1024, @time := DATE_SUB(@time, INTERVAL 60 SECOND)),
       (UNHEX(REPLACE('4c29cb26-d2f3-38d8-9d02-a9da30c7ad99', '-', '')), 1025, @time := DATE_SUB(@time, INTERVAL 60 SECOND)),
       (UNHEX(REPLACE('4c29cb26-d2f3-38d8-9d02-a9da30c7ad99', '-', '')), 1026, @time := DATE_SUB(@time, INTERVAL 60 SECOND)),
       (UNHEX(REPLACE('4c29cb26-d2f3-38d8-9d02-a9da30c7ad99', '-', '')), 1027, @time := DATE_SUB(@time, INTERVAL 60 SECOND)),
       (UNHEX(REPLACE('4c29cb26-d2f3-38d8-9d02-a9da30c7ad99', '-', '')), 1028, @time := DATE_SUB(@time, INTERVAL 60 SECOND)),
       (UNHEX(REPLACE('4c29cb26-d2f3-38d8-9d02-a9da30c7ad99', '-', '')), 1029, @time := DATE_SUB(@time, INTERVAL 60 SECOND)),
       (UNHEX(REPLACE('4c29cb26-d2f3-38d8-9d02-a9da30c7ad99', '-', '')), 1030, @time := DATE_SUB(@time, INTERVAL 60 SECOND)),
       (UNHEX(REPLACE('4c29cb26-d2f3-38d8-9d02-a9da30c7ad99', '-', '')), 1031, @time := DATE_SUB(@time, INTERVAL 60 SECOND)),
       (UNHEX(REPLACE('4c29cb26-d2f3-38d8-9d02-a9da30c7ad99', '-', '')), 1032, @time := DATE_SUB(@time, INTERVAL 60 SECOND)),
       (UNHEX(REPLACE('4c29cb26-d2f3-38d8-9d02-a9da30c7ad99', '-', '')), 1033, @time := DATE_SUB(@time, INTERVAL 60 SECOND)),
       (UNHEX(REPLACE('4c29cb26-d2f3-38d8-9d02-a9da30c7ad99', '-', '')), 1034, @time := DATE_SUB(@time, INTERVAL 60 SECOND)),
       (UNHEX(REPLACE('4c29cb26-d2f3-38d8-9d02-a9da30c7ad99', '-', '')), 1035, @time := DATE_SUB(@time, INTERVAL 60 SECOND)),
       (UNHEX(REPLACE('4c29cb26-d2f3-38d8-9d02-a9da30c7ad99', '-', '')), 1036, @time := DATE_SUB(@time, INTERVAL 60 SECOND)),
       (UNHEX(REPLACE('4c29cb26-d2f3-38d8-9d02-a9da30c7ad99', '-', '')), 1037, @time := DATE_SUB(@time, INTERVAL 60 SECOND)),
       (UNHEX(REPLACE('4c29cb26-d2f3-38d8-9d02-a9da30c7ad99', '-', '')), 1038, @time := DATE_SUB(@time, INTERVAL 60 SECOND)),
       (UNHEX(REPLACE('4c29cb26-d2f3-38d8-9d02-a9da30c7ad99', '-', '')), 1039, @time := DATE_SUB(@time, INTERVAL 60 SECOND)),
       (UNHEX(REPLACE('4c29cb26-d2f3-38d8-9d02-a9da30c7ad99', '-', '')), 1040, @time := DATE_SUB(@time, INTERVAL 60 SECOND)),
       (UNHEX(REPLACE('4c29cb26-d2f3-38d8-9d02-a9da30c7ad99', '-', '')), 1041, @time := DATE_SUB(@time, INTERVAL 60 SECOND)),
       (UNHEX(REPLACE('4c29cb26-d2f3-38d8-9d02-a9da30c7ad99', '-', '')), 1042, @time := DATE_SUB(@time, INTERVAL 60 SECOND)),
       (UNHEX(REPLACE('4c29cb26-d2f3-38d8-9d02-a9da30c7ad99', '-', '')), 1043, @time := DATE_SUB(@time, INTERVAL 60 SECOND)),
       (UNHEX(REPLACE('4c29cb26-d2f3-38d8-9d02-a9da30c7ad99', '-', '')), 1044, @time := DATE_SUB(@time, INTERVAL 60 SECOND)),
       (UNHEX(REPLACE('4c29cb26-d2f3-38d8-9d02-a9da30c7ad99', '-', '')), 1045, @time := DATE_SUB(@time, INTERVAL 60 SECOND)),
       (UNHEX(REPLACE('4c29cb26-d2f3-38d8-9d02-a9da30c7ad99', '-', '')), 1046, @time := DATE_SUB(@time, INTERVAL 60 SECOND)),
       (UNHEX(REPLACE('4c29cb26-d2f3-38d8-9d02-a9da30c7ad99', '-', '')), 1047, @time := DATE_SUB(@time, INTERVAL 60 SECOND)),
       (UNHEX(REPLACE('4c29cb26-d2f3-38d8-9d02-a9da30c7ad99', '-', '')), 1048, @time := DATE_SUB(@time, INTERVAL 60 SECOND)),
       (UNHEX(REPLACE('4c29cb26-d2f3-38d8-9d02-a9da30c7ad99', '-', '')), 1049, @time := DATE_SUB(@time, INTERVAL 60 SECOND)),
       (UNHEX(REPLACE('4c29cb26-d2f3-38d8-9d02-a9da30c7ad99', '-', '')), 1050, @time := DATE_SUB(@time, INTERVAL 60 SECOND)),
       (UNHEX(REPLACE('4c29cb26-d2f3-38d8-9d02-a9da30c7ad99', '-', '')), 1051, @time := DATE_SUB(@time, INTERVAL 60 SECOND)),
       (UNHEX(REPLACE('4c29cb26-d2f3-38d8-9d02-a9da30c7ad99', '-', '')), 1052, @time := DATE_SUB(@time, INTERVAL 60 SECOND)),
       (UNHEX(REPLACE('4c29cb26-d2f3-38d8-9d02-a9da30c7ad99', '-', '')), 1053, @time := DATE_SUB(@time, INTERVAL 60 SECOND)),
       (UNHEX(REPLACE('4c29cb26-d2f3-38d8-9d02-a9da30c7ad99', '-', '')), 1054, @time := DATE_SUB(@time, INTERVAL 60 SECOND)),
       (UNHEX(REPLACE('4c29cb26-d2f3-38d8-9d02-a9da30c7ad99', '-', '')), 1055, @time := DATE_SUB(@time, INTERVAL 60 SECOND)),
       (UNHEX(REPLACE('4c29cb26-d2f3-38d8-9d02-a9da30c7ad99', '-', '')), 1056, @time := DATE_SUB(@time, INTERVAL 60 SECOND)),
       (UNHEX(REPLACE('4c29cb26-d2f3-38d8-9d02-a9da30c7ad99', '-', '')), 1057, @time := DATE_SUB(@time, INTERVAL 60 SECOND)),
       (UNHEX(REPLACE('4c29cb26-d2f3-38d8-9d02-a9da30c7ad99', '-', '')), 1058, @time := DATE_SUB(@time, INTERVAL 60 SECOND)),
       (UNHEX(REPLACE('4c29cb26-d2f3-38d8-9d02-a9da30c7ad99', '-', '')), 1059, @time := DATE_SUB(@time, INTERVAL 60 SECOND)),
       (UNHEX(REPLACE('4c29cb26-d2f3-38d8-9d02-a9da30c7ad99', '-', '')), 1060, @time := DATE_SUB(@time, INTERVAL 60 SECOND)),
       (UNHEX(REPLACE('4c29cb26-d2f3-38d8-9d02-a9da30c7ad99', '-', '')), 1061, @time := DATE_SUB(@time, INTERVAL 60 SECOND)),
       (UNHEX(REPLACE('4c29cb26-d2f3-38d8-9d02-a9da30c7ad99', '-', '')), 1062, @time := DATE_SUB(@time, INTERVAL 60 SECOND)),
       (UNHEX(REPLACE('4c29cb26-d2f3-38d8-9d02-a9da30c7ad99', '-', '')), 1063, @time := DATE_SUB(@time, INTERVAL 60 SECOND)),
       (UNHEX(REPLACE('4c29cb26-d2f3-38d8-9d02-a9da30c7ad99', '-', '')), 1064, @time := DATE_SUB(@time, INTERVAL 60 SECOND));